일자,누적(주식),누적(채권),누적(자산배분),누적(상품),누적(부동산),누적(대체투자/기타),누적(크립토)
2026-06-30,"2,553,950,766,592"," 537,857,622,016 "," 18,468,366,336 "," 52,756,881,408 "," 8,444,254,720 "," 12,206,388,224 "," 16,977,210,368 "
2026-06-29,"2,547,366,757,888"," 534,853,484,544 "," 18,475,933,696 "," 52,967,309,312 "," 8,497,798,144 "," 12,091,561,984 "," 17,206,685,696 "
2026-06-26,"2,554,887,669,248"," 531,520,815,104 "," 18,432,018,432 "," 53,477,851,136 "," 8,467,604,480 "," 11,944,394,752 "," 17,463,291,904 "
2026-06-25,"2,596,241,933,824"," 527,411,314,688 "," 18,365,425,664 "," 53,326,307,328 "," 8,415,208,960 "," 11,974,881,280 "," 18,668,304,384 "
2026-06-24,"1,532,220,933,632"," 525,627,195,392 "," 18,498,340,864 "," 54,100,066,304 "," 8,346,020,352 "," 12,225,179,648 "," 19,363,557,376 "
2026-06-23,"1,477,696,816,640"," 522,776,805,376 "," 18,406,531,072 "," 55,389,564,928 "," 7,530,984,960 "," 11,914,029,056 "," 19,817,293,824 "
2026-06-22,"1,476,141,254,144"," 520,378,875,904 "," 18,145,024,000 "," 56,248,258,560 "," 7,714,971,136 "," 11,900,778,496 "," 19,993,802,752 "
2026-06-18,"1,459,619,628,544"," 519,689,273,344 "," 18,101,172,224 "," 57,473,753,088 "," 7,223,979,520 "," 11,840,356,352 "," 20,105,066,496 "
2026-06-17,"1,508,352,198,144"," 517,247,369,216 "," 18,115,360,768 "," 56,775,229,440 "," 7,165,097,984 "," 11,748,540,416 "," 20,088,467,456 "
2026-06-16,"1,504,441,009,664"," 515,163,160,576 "," 18,073,126,912 "," 55,830,188,032 "," 7,113,974,784 "," 11,659,497,472 "," 20,168,448,000 "
2026-06-15,"1,442,035,533,312"," 513,526,628,352 "," 18,140,008,448 "," 55,801,434,112 "," 6,891,634,176 "," 11,585,875,968 "," 20,155,678,720 "
2026-06-12,"1,418,181,740,032"," 510,425,595,904 "," 17,729,030,144 "," 56,168,308,736 "," 6,728,112,640 "," 11,531,159,552 "," 20,201,451,520 "
2026-06-11,"1,403,970,651,648"," 509,094,297,600 "," 17,692,592,128 "," 56,597,819,392 "," 6,638,187,008 "," 11,481,141,248 "," 20,114,350,080 "
2026-06-10,"1,393,654,236,672"," 505,550,995,456 "," 17,599,723,520 "," 56,761,360,384 "," 6,287,064,576 "," 11,413,508,096 "," 20,078,471,168 "
2026-06-09,"1,395,598,296,576"," 504,247,877,632 "," 17,558,476,800 "," 56,938,631,168 "," 6,163,575,296 "," 11,284,955,136 "," 20,354,957,312 "
2026-06-08,"1,374,297,261,568"," 501,352,005,632 "," 17,730,889,728 "," 57,447,899,136 "," 6,026,059,264 "," 11,253,274,624 "," 20,422,268,928 "
2026-06-05,"1,373,368,747,520"," 499,734,020,096 "," 17,351,170,048 "," 58,026,774,528 "," 6,082,911,232 "," 11,236,966,400 "," 20,422,977,536 "
2026-06-04,"1,366,664,676,864"," 498,050,269,184 "," 17,238,335,488 "," 58,005,975,040 "," 6,214,438,400 "," 11,217,993,728 "," 20,771,991,552 "
2026-06-03,"1,359,644,460,544"," 495,918,874,624 "," 16,923,084,800 "," 58,556,436,480 "," 6,241,673,216 "," 11,159,574,528 "," 20,758,470,656 "
2026-06-02,"1,357,761,480,192"," 493,079,789,568 "," 16,794,589,184 "," 58,723,602,432 "," 6,377,502,720 "," 10,991,767,552 "," 21,173,250,048 "
2026-06-01,"1,332,169,410,048"," 491,620,073,472 "," 16,493,681,664 "," 59,087,974,400 "," 6,283,453,952 "," 11,755,542,528 "," 21,774,829,568 "
2026-05-29,"1,329,342,711,296"," 489,813,377,024 "," 16,029,817,856 "," 59,428,573,184 "," 6,326,182,912 "," 10,970,238,976 "," 22,290,059,264 "
2026-05-28,"1,333,445,002,752"," 486,652,674,048 "," 13,387,592,704 "," 59,659,214,848 "," 5,804,152,832 "," 10,873,409,536 "," 22,383,220,736 "
2026-05-27,"1,312,209,241,600"," 482,236,268,544 "," 13,040,876,544 "," 60,287,217,664 "," 5,709,850,624 "," 10,691,291,136 "," 22,752,233,472 "
2026-05-26,"1,282,528,511,488"," 480,790,249,472 "," 12,954,240,000 "," 62,004,404,224 "," 5,801,530,880 "," 10,673,356,800 "," 23,746,846,720 "
2026-05-22,"1,277,049,177,600"," 477,756,293,120 "," 12,917,624,832 "," 61,950,369,792 "," 5,596,259,328 "," 10,527,311,872 "," 24,092,121,088 "
2026-05-21,"1,276,038,088,192"," 474,034,307,072 "," 12,863,435,776 "," 61,741,187,072 "," 5,459,009,024 "," 10,470,866,944 "," 24,174,395,392 "
2026-05-20,"1,273,339,053,568"," 470,740,828,160 "," 12,747,686,912 "," 62,394,527,744 "," 5,324,708,352 "," 10,416,390,144 "," 24,282,570,752 "
2026-05-19,"1,268,079,134,208"," 466,355,716,096 "," 12,680,701,952 "," 62,475,284,480 "," 5,293,828,096 "," 10,229,110,784 "," 24,363,038,720 "
2026-05-18,"1,269,820,556,800"," 463,347,613,696 "," 12,648,687,616 "," 62,472,249,344 "," 5,318,546,944 "," 10,146,582,528 "," 24,737,812,480 "
2026-05-15,"1,254,417,499,648"," 459,746,377,728 "," 12,577,579,008 "," 62,499,905,536 "," 5,262,166,016 "," 10,066,980,864 "," 25,443,454,976 "
2026-05-14,"1,267,543,836,160"," 458,189,668,352 "," 12,570,319,872 "," 62,290,747,392 "," 5,339,961,344 "," 9,893,781,504 "," 25,794,535,424 "
2026-05-13,"1,256,096,794,112"," 454,641,614,848 "," 12,470,401,024 "," 35,708,764,160 "," 5,211,902,464 "," 9,740,681,216 "," 25,632,550,912 "
2026-05-12,"1,251,940,238,848"," 450,787,573,760 "," 12,489,436,160 "," 35,565,215,744 "," 4,709,264,384 "," 9,766,594,560 "," 26,265,098,240 "
2026-05-11,"1,237,783,676,416"," 447,970,181,120 "," 12,422,879,232 "," 34,961,317,888 "," 4,665,067,008 "," 9,775,841,280 "," 26,626,441,216 "
2026-05-08,"1,225,033,254,400"," 445,966,417,920 "," 12,363,568,128 "," 34,594,131,968 "," 4,590,629,888 "," 9,707,499,520 "," 26,574,278,656 "
2026-05-07,"1,225,192,375,808"," 443,315,486,720 "," 12,281,628,672 "," 34,145,425,408 "," 4,490,621,952 "," 9,624,588,288 "," 26,733,842,432 "
2026-05-06,"1,216,265,586,176"," 440,481,284,096 "," 12,185,740,288 "," 34,005,583,872 "," 4,486,965,760 "," 9,547,790,336 "," 27,116,951,552 "
2026-05-05,"1,208,955,438,592"," 438,782,230,528 "," 12,185,899,008 "," 33,886,029,824 "," 4,374,006,784 "," 9,457,399,808 "," 26,990,323,712 "
2026-05-04,"1,207,831,889,408"," 437,262,548,992 "," 12,138,326,016 "," 33,728,602,112 "," 4,429,147,648 "," 9,406,687,232 "," 26,406,225,920 "
2026-05-01,"1,206,643,066,368"," 436,598,538,240 "," 12,047,382,528 "," 33,739,608,064 "," 4,446,456,832 "," 9,352,974,336 "," 25,783,017,472 "
2026-04-30,"1,204,927,858,176"," 431,272,919,040 "," 12,112,509,952 "," 33,503,735,808 "," 4,234,633,216 "," 9,327,814,656 "," 25,079,764,992 "
2026-04-29,"1,199,792,195,072"," 430,072,659,968 "," 12,074,921,984 "," 33,538,846,720 "," 4,188,271,104 "," 9,262,635,008 "," 25,095,796,736 "
2026-04-28,"1,193,655,404,032"," 428,407,422,976 "," 11,979,554,816 "," 33,950,808,064 "," 4,540,282,880 "," 9,163,978,752 "," 25,326,991,360 "
2026-04-27,"1,075,231,589,888"," 425,154,347,008 "," 11,888,955,392 "," 33,923,360,768 "," 4,621,670,912 "," 9,059,598,336 "," 25,460,244,480 "
2026-04-24,"1,068,039,144,960"," 424,158,822,400 "," 11,833,837,568 "," 34,289,856,512 "," 4,453,773,312 "," 8,937,990,144 "," 25,729,730,560 "
2026-04-23,"1,070,584,038,912"," 424,155,414,528 "," 11,839,757,312 "," 34,287,259,648 "," 4,394,333,184 "," 8,846,733,312 "," 25,715,585,024 "
2026-04-22,"1,066,852,681,216"," 422,517,800,960 "," 11,863,354,368 "," 34,909,298,688 "," 4,491,587,584 "," 8,779,026,432 "," 25,508,456,448 "
2026-04-21,"1,068,703,942,144"," 421,857,918,976 "," 11,721,804,800 "," 35,226,812,416 "," 4,361,497,600 "," 8,700,694,528 "," 25,102,313,472 "
2026-04-20,"1,060,379,559,424"," 419,234,938,880 "," 11,685,158,912 "," 36,734,820,352 "," 4,350,739,968 "," 8,647,540,736 "," 25,071,679,488 "
2026-04-17,"1,073,546,788,864"," 418,910,863,360 "," 11,619,099,648 "," 36,975,841,280 "," 4,344,560,640 "," 8,626,800,640 "," 24,739,414,016 "
2026-04-16,"1,063,529,218,048"," 416,747,749,376 "," 11,570,987,008 "," 37,073,952,768 "," 4,501,299,712 "," 8,613,885,952 "," 23,886,802,944 "
2026-04-15,"1,054,091,509,760"," 417,972,912,128 "," 11,416,230,912 "," 35,938,750,464 "," 4,572,632,576 "," 8,645,928,960 "," 23,774,523,392 "
2026-04-14,"1,041,878,220,800"," 416,462,733,312 "," 11,387,825,152 "," 36,042,252,288 "," 4,689,528,320 "," 8,778,864,640 "," 23,498,397,696 "
2026-04-13,"1,029,646,712,832"," 418,000,044,032 "," 11,239,481,344 "," 35,875,569,664 "," 4,781,579,776 "," 8,904,335,360 "," 23,016,189,952 "
2026-04-10,"1,028,855,693,312"," 418,056,241,152 "," 11,230,914,560 "," 35,556,491,264 "," 4,725,737,472 "," 8,812,797,952 "," 23,276,642,304 "
2026-04-09,"1,028,626,776,064"," 416,304,201,728 "," 11,210,110,976 "," 35,684,683,776 "," 4,889,415,168 "," 8,667,512,832 "," 22,923,206,656 "
2026-04-08,"1,023,432,851,456"," 414,131,388,416 "," 11,107,822,592 "," 36,148,056,064 "," 4,940,050,432 "," 8,639,664,128 "," 22,475,784,192 "
2026-04-07,"1,007,626,223,616"," 411,859,451,904 "," 10,964,318,208 "," 36,397,383,680 "," 4,882,636,800 "," 8,474,482,688 "," 22,645,452,800 "
2026-04-06,"1,004,023,316,480"," 412,546,596,864 "," 10,933,520,384 "," 35,965,624,320 "," 4,851,859,968 "," 8,463,636,480 "," 22,854,424,576 "
2026-04-02,"991,345,180,672"," 410,094,960,640 "," 10,870,249,472 "," 35,881,086,976 "," 4,721,601,536 "," 8,410,779,648 "," 22,256,730,112 "
2026-04-01,"994,301,247,488"," 407,442,718,720 "," 10,773,984,256 "," 34,609,283,072 "," 4,906,424,320 "," 8,373,477,376 "," 22,289,752,064 "
2026-03-31,"984,560,107,520"," 400,414,408,704 "," 10,585,636,864 "," 35,111,010,304 "," 4,910,097,920 "," 8,194,392,064 "," 22,486,743,040 "
2026-03-30,"983,865,819,136"," 401,186,979,840 "," 10,581,647,360 "," 34,304,176,128 "," 4,838,656,000 "," 8,182,802,432 "," 22,327,353,344 "
2026-03-27,"973,746,667,520"," 400,172,843,008 "," 10,530,490,368 "," 33,811,931,136 "," 4,847,529,472 "," 8,125,886,464 "," 22,242,228,224 "
2026-03-26,"973,435,830,272"," 398,662,369,280 "," 10,614,284,288 "," 33,942,677,504 "," 4,861,353,472 "," 8,172,716,032 "," 22,471,155,712 "
2026-03-25,"967,082,573,824"," 399,089,598,464 "," 10,418,083,840 "," 34,137,513,984 "," 4,711,234,560 "," 8,125,474,816 "," 22,735,054,848 "
2026-03-24,"966,948,225,024"," 399,233,908,736 "," 10,288,150,528 "," 34,304,714,752 "," 4,706,718,720 "," 8,142,049,280 "," 22,731,382,784 "
2026-03-23,"980,446,871,552"," 396,825,296,896 "," 10,237,303,808 "," 34,491,379,712 "," 4,779,187,200 "," 8,183,513,088 "," 22,847,078,400 "
2026-03-20,"960,029,982,720"," 394,938,023,936 "," 10,197,538,816 "," 34,133,334,016 "," 4,787,218,944 "," 7,824,422,912 "," 22,676,037,632 "
2026-03-19,"1,011,586,826,240"," 393,001,402,368 "," 10,161,530,880 "," 34,742,792,192 "," 4,912,891,392 "," 7,718,721,536 "," 22,719,379,456 "
2026-03-18,"1,009,837,735,936"," 390,919,258,112 "," 10,109,684,736 "," 36,079,976,448 "," 5,107,610,624 "," 7,650,193,408 "," 22,922,528,768 "
2026-03-17,"956,268,544,000"," 388,632,477,696 "," 10,044,023,808 "," 37,523,685,376 "," 4,869,541,888 "," 7,546,869,760 "," 23,104,978,944 "
2026-03-16,"940,276,580,352"," 386,339,045,376 "," 9,975,745,536 "," 38,473,265,152 "," 4,763,265,024 "," 7,369,459,712 "," 22,727,331,840 "
2026-03-13,"927,132,614,656"," 383,230,672,896 "," 9,933,368,320 "," 39,187,648,512 "," 4,584,680,960 "," 7,234,797,568 "," 22,479,286,272 "
2026-03-12,"943,127,134,208"," 380,820,160,512 "," 9,865,300,992 "," 40,105,988,096 "," 4,774,565,888 "," 7,020,656,640 "," 22,236,088,320 "
2026-03-11,"940,370,231,296"," 376,877,416,448 "," 9,705,592,832 "," 40,865,304,576 "," 4,932,680,192 "," 6,977,550,336 "," 22,084,902,912 "
2026-03-10,"926,147,608,576"," 374,682,845,184 "," 9,650,350,080 "," 41,126,891,520 "," 4,943,947,776 "," 7,274,579,968 "," 21,878,888,448 "
2026-03-09,"926,082,596,864"," 370,226,659,328 "," 9,531,841,536 "," 40,749,453,312 "," 4,947,102,208 "," 6,775,234,560 "," 21,652,606,976 "
2026-03-06,"915,550,109,696"," 368,111,058,944 "," 9,492,935,680 "," 39,976,800,256 "," 4,874,962,432 "," 6,725,955,584 "," 21,540,065,280 "
2026-03-05,"921,619,333,120"," 366,776,582,144 "," 9,463,667,712 "," 41,023,369,216 "," 4,996,429,312 "," 6,701,578,240 "," 22,015,524,864 "
2026-03-04,"922,319,912,960"," 365,014,515,712 "," 9,385,107,456 "," 41,649,770,496 "," 4,921,405,440 "," 6,685,335,552 "," 22,346,821,632 "
2026-03-03,"936,520,122,368"," 363,042,832,384 "," 9,358,983,168 "," 42,586,910,720 "," 4,820,977,152 "," 6,578,685,952 "," 21,707,055,104 "
2026-03-02,"938,565,369,856"," 361,627,058,176 "," 9,355,176,960 "," 45,351,714,816 "," 4,640,604,160 "," 6,474,151,936 "," 21,443,792,896 "
2026-02-27,"938,628,939,776"," 355,551,772,672 "," 9,304,374,272 "," 45,705,207,808 "," 4,311,252,992 "," 6,316,109,824 "," 20,900,106,240 "
2026-02-26,"946,603,819,008"," 354,622,504,960 "," 9,264,969,728 "," 45,777,920,000 "," 4,371,070,976 "," 6,271,989,760 "," 20,994,408,448 "
2026-02-25,"938,714,333,184"," 351,315,918,848 "," 9,104,659,456 "," 45,039,005,696 "," 4,333,392,384 "," 6,246,207,488 "," 20,895,326,208 "
2026-02-24,"925,918,167,040"," 348,889,153,536 "," 8,989,410,304 "," 45,249,093,632 "," 4,252,551,936 "," 6,135,832,576 "," 20,239,587,328 "
2026-02-23,"916,673,069,056"," 346,638,974,976 "," 8,916,207,616 "," 44,709,888,000 "," 4,131,970,560 "," 6,072,582,144 "," 19,930,302,464 "
2026-02-20,"906,420,420,608"," 345,129,222,144 "," 8,796,772,352 "," 18,796,355,584 "," 4,022,017,024 "," 5,525,067,776 "," 20,160,468,992 "
2026-02-19,"907,165,630,464"," 341,173,305,344 "," 8,744,378,368 "," 39,367,856,128 "," 3,888,835,328 "," 5,499,308,032 "," 20,074,362,880 "
2026-02-18,"905,181,462,528"," 322,689,564,672 "," 8,753,443,840 "," 39,661,166,592 "," 3,822,222,592 "," 5,410,103,296 "," 20,386,203,648 "
2026-02-17,"897,868,365,824"," 321,063,550,976 "," 8,674,469,888 "," 39,460,007,936 "," 3,712,104,960 "," 5,335,166,976 "," 20,524,789,760 "
2026-02-13,"890,411,876,352"," 318,699,503,616 "," 8,573,157,888 "," 40,244,203,520 "," 3,730,247,424 "," 5,198,989,312 "," 20,522,823,680 "
2026-02-12,"891,249,688,576"," 313,855,868,928 "," 8,500,432,384 "," 40,584,843,264 "," 3,506,424,832 "," 5,178,105,856 "," 20,514,445,312 "
2026-02-11,"880,554,147,840"," 310,672,064,512 "," 8,338,834,432 "," 40,485,584,896 "," 3,277,937,152 "," 5,111,523,328 "," 20,981,979,136 "
2026-02-10,"873,242,296,320"," 309,707,571,200 "," 8,218,366,464 "," 41,231,409,152 "," 3,290,560,512 "," 5,138,233,344 "," 21,348,440,064 "
2026-02-09,"875,168,727,040"," 309,707,571,200 "," 8,218,366,464 "," 40,907,689,984 "," 3,290,560,512 "," 5,138,233,344 "," 21,348,440,064 "
2026-02-06,"868,021,960,704"," 305,617,960,960 "," 8,072,344,064 "," 41,120,690,176 "," 3,093,231,104 "," 5,059,608,576 "," 21,103,949,824 "
2026-02-05,"863,464,783,872"," 301,454,655,488 "," 8,012,539,904 "," 40,284,471,296 "," 3,004,922,624 "," 4,987,162,624 "," 20,789,532,672 "
2026-02-04,"857,320,325,120"," 299,469,373,440 "," 8,004,059,648 "," 40,721,223,680 "," 3,172,972,544 "," 4,963,090,432 "," 21,251,684,352 "
2026-02-03,"853,071,953,920"," 297,483,403,264 "," 7,970,081,280 "," 40,931,807,232 "," 3,352,311,552 "," 4,895,705,088 "," 21,851,152,384 "
2026-02-02,"843,417,845,760"," 296,281,145,344 "," 7,881,897,984 "," 41,407,328,256 "," 3,389,347,840 "," 4,858,363,904 "," 22,210,359,296 "
2026-01-30,"839,778,697,216"," 291,519,758,336 "," 7,758,725,120 "," 39,060,217,856 "," 3,559,013,888 "," 4,841,613,312 "," 21,428,367,360 "
2026-01-29,"838,773,833,728"," 291,558,293,504 "," 7,838,897,152 "," 38,152,040,448 "," 3,835,456,768 "," 5,011,879,936 "," 22,060,173,312 "
2026-01-28,"831,502,745,600"," 290,727,067,648 "," 7,643,069,440 "," 38,489,178,112 "," 3,577,276,672 "," 4,964,866,048 "," 22,946,291,712 "
2026-01-27,"819,604,160,512"," 288,341,032,960 "," 7,470,207,488 "," 39,569,346,560 "," 3,561,204,992 "," 4,905,091,072 "," 22,947,233,792 "
2026-01-26,"808,197,881,856"," 286,366,957,568 "," 7,428,379,648 "," 39,270,350,848 "," 3,587,916,544 "," 4,810,414,080 "," 23,139,641,344 "
2026-01-23,"806,234,816,512"," 283,699,838,976 "," 7,325,629,440 "," 38,721,212,416 "," 3,565,057,280 "," 4,699,467,776 "," 22,877,726,720 "
2026-01-22,"811,579,801,600"," 281,111,592,960 "," 7,267,605,504 "," 38,395,895,808 "," 3,603,056,128 "," 4,667,389,952 "," 23,089,991,680 "
2026-01-21,"804,518,690,816"," 278,564,601,856 "," 7,200,351,744 "," 37,065,121,792 "," 3,490,068,480 "," 4,556,228,608 "," 23,129,657,344 "
2026-01-20,"800,094,486,528"," 276,483,276,800 "," 7,123,771,392 "," 36,448,739,328 "," 3,595,519,744 "," 4,545,540,096 "," 24,103,524,352 "
2026-01-16,"799,864,455,168"," 275,529,826,304 "," 7,142,904,320 "," 37,137,293,312 "," 3,560,697,600 "," 4,521,541,632 "," 24,749,826,048 "
2026-01-15,"796,997,779,456"," 273,187,110,912 "," 7,091,560,960 "," 36,206,575,616 "," 3,398,555,136 "," 4,493,811,712 "," 25,115,373,568 "
2026-01-14,"799,492,800,512"," 268,928,057,344 "," 7,079,355,392 "," 34,739,404,800 "," 3,694,721,280 "," 4,437,575,680 "," 24,856,584,192 "
2026-01-13,"788,991,442,944"," 266,626,629,632 "," 6,948,488,192 "," 34,359,771,136 "," 3,682,562,816 "," 4,360,177,664 "," 23,782,588,416 "
2026-01-12,"773,139,136,512"," 262,339,887,104 "," 6,956,285,440 "," 34,435,575,808 "," 3,682,929,664 "," 4,327,686,144 "," 22,843,779,072 "
2026-01-09,"774,611,730,432"," 259,423,469,568 "," 6,883,996,160 "," 34,380,869,632 "," 3,613,286,400 "," 4,321,110,016 "," 22,691,356,672 "
2026-01-08,"761,025,396,736"," 256,204,898,304 "," 6,842,146,816 "," 33,780,150,272 "," 3,650,320,384 "," 4,255,264,768 "," 22,991,237,120 "
2026-01-07,"746,911,760,384"," 253,461,692,416 "," 6,799,974,912 "," 33,667,766,272 "," 3,782,093,568 "," 4,206,405,632 "," 23,452,160,000 "
2026-01-06,"734,904,254,464"," 250,818,658,304 "," 6,757,356,032 "," 31,492,759,552 "," 3,723,697,408 "," 4,147,279,872 "," 24,068,501,504 "
2026-01-05,"744,475,000,832"," 247,573,856,256 "," 6,734,217,216 "," 32,041,490,432 "," 3,671,808,256 "," 4,130,691,072 "," 24,086,480,896 "
2026-01-02,"744,957,214,720"," 246,921,887,744 "," 6,686,321,664 "," 32,349,587,456 "," 3,727,260,928 "," 4,064,409,600 "," 23,119,644,672 "
2025-12-31,"748,569,755,648"," 243,906,215,936 "," 6,641,649,152 "," 33,947,912,192 "," 3,750,479,360 "," 3,880,445,952 "," 22,527,270,912 "
2025-12-30,"736,530,137,088"," 242,951,585,792 "," 6,549,885,952 "," 32,327,186,432 "," 3,906,567,168 "," 3,804,975,104 "," 22,920,636,416 "
2025-12-29,"730,167,115,776"," 241,168,416,768 "," 6,468,517,888 "," 31,732,301,824 "," 3,903,997,952 "," 3,902,857,216 "," 22,520,801,280 "
2025-12-26,"716,134,940,672"," 237,732,528,128 "," 6,404,611,072 "," 33,652,465,664 "," 3,854,350,848 "," 3,869,489,152 "," 22,530,592,768 "
2025-12-24,"710,270,517,248"," 235,497,324,544 "," 6,366,550,528 "," 31,778,369,536 "," 3,828,341,504 "," 3,796,205,568 "," 22,880,598,016 "
2025-12-23,"694,653,878,272"," 240,693,067,776 "," 6,316,897,280 "," 32,116,809,728 "," 3,696,850,944 "," 3,821,662,208 "," 23,048,052,736 "
2025-12-22,"685,735,215,104"," 230,704,824,320 "," 6,253,214,720 "," 31,949,004,800 "," 3,628,338,688 "," 3,777,159,168 "," 23,267,448,832 "
2025-12-19,"699,661,156,352"," 228,416,159,744 "," 6,184,672,256 "," 30,679,873,536 "," 3,682,335,744 "," 3,827,236,864 "," 23,253,454,848 "
2025-12-18,"724,669,038,592"," 224,293,535,744 "," 6,121,894,400 "," 30,167,242,752 "," 3,496,146,688 "," 3,814,430,720 "," 23,430,875,136 "
2025-12-17,"726,968,696,832"," 222,697,226,240 "," 6,046,169,088 "," 29,944,803,328 "," 3,397,033,472 "," 3,804,250,112 "," 23,655,403,520 "
2025-12-16,"665,524,568,064"," 219,942,502,400 "," 6,004,286,464 "," 29,548,777,472 "," 3,599,236,608 "," 3,800,078,336 "," 23,300,077,568 "
2025-12-15,"654,524,547,072"," 217,491,537,920 "," 5,964,608,000 "," 29,104,046,080 "," 3,309,264,896 "," 3,758,635,008 "," 23,774,042,112 "
2025-12-12,"650,452,926,464"," 216,591,745,024 "," 5,908,381,696 "," 29,139,492,864 "," 3,126,062,848 "," 3,685,707,776 "," 24,227,338,240 "
2025-12-11,"630,909,632,512"," 214,234,333,184 "," 5,870,345,216 "," 28,163,393,536 "," 3,051,745,792 "," 3,580,278,784 "," 24,165,277,696 "
2025-12-10,"616,804,515,840"," 212,589,756,416 "," 6,041,073,152 "," 29,944,735,744 "," 2,650,521,856 "," 3,618,994,176 "," 24,186,021,888 "
2025-12-09,"608,982,859,776"," 210,912,591,872 "," 5,773,220,864 "," 26,917,482,496 "," 2,498,203,904 "," 3,596,486,656 "," 24,012,187,648 "
2025-12-08,"606,207,737,856"," 210,066,014,208 "," 5,806,662,144 "," 25,857,247,232 "," 2,367,993,344 "," 3,629,451,264 "," 23,574,802,432 "
2025-12-05,"597,055,963,136"," 209,390,714,880 "," 5,775,159,296 "," 26,071,562,240 "," 2,041,946,880 "," 3,624,468,480 "," 23,513,925,632 "
2025-12-04,"592,929,751,040"," 206,533,410,816 "," 5,612,588,544 "," 26,326,276,096 "," 1,902,206,848 "," 3,629,737,984 "," 23,332,978,688 "
2025-12-03,"494,479,736,832"," 205,072,203,776 "," 5,538,082,816 "," 28,445,083,648 "," 1,853,218,944 "," 3,550,613,504 "," 23,464,583,168 "
2025-12-02,"488,085,422,080"," 202,911,268,864 "," 5,561,892,352 "," 25,245,708,288 "," 1,574,028,800 "," 3,458,347,008 "," 23,425,388,544 "
2025-12-01,"493,586,776,064"," 200,894,955,520 "," 5,519,414,784 "," 27,526,291,456 "," 1,598,492,672 "," 3,361,546,240 "," 23,265,284,096 "
2025-11-28,"498,663,751,680"," 198,194,593,792 "," 5,471,397,376 "," 25,500,669,952 "," 1,559,570,944 "," 3,760,945,152 "," 23,075,006,464 "
2025-11-26,"514,270,035,968"," 200,205,467,648 "," 5,468,924,928 "," 24,606,300,160 "," 1,501,287,168 "," 3,237,855,232 "," 23,210,827,776 "
2025-11-25,"511,795,953,664"," 198,138,593,280 "," 5,498,931,712 "," 24,525,666,304 "," 1,520,048,256 "," 3,203,332,096 "," 23,002,230,784 "
2025-11-24,"503,537,467,392"," 192,854,179,840 "," 5,480,201,728 "," 23,712,446,464 "," 1,164,265,728 "," 3,187,972,096 "," 22,715,691,008 "
2025-11-21,"505,404,522,496"," 190,110,711,808 "," 5,343,725,568 "," 23,773,810,688 "," 1,008,079,744 "," 3,168,923,648 "," 22,712,422,400 "
2025-11-20,"502,908,944,384"," 187,667,382,272 "," 5,324,088,320 "," 23,543,119,872 "," 987,048,832 "," 3,160,596,480 "," 22,302,691,328 "
2025-11-19,"492,662,849,536"," 185,831,260,160 "," 5,313,048,064 "," 25,663,688,704 "," 930,892,416 "," 3,136,149,504 "," 23,424,227,328 "
2025-11-18,"478,007,885,824"," 182,366,420,992 "," 5,375,405,568 "," 26,264,532,992 "," 968,085,312 "," 3,120,324,608 "," 24,299,128,832 "
2025-11-17,"474,160,627,712"," 180,920,254,464 "," 5,319,749,120 "," 23,836,620,800 "," 927,332,864 "," 3,208,099,840 "," 24,699,668,480 "
2025-11-14,"466,479,316,992"," 180,642,512,896 "," 5,226,514,944 "," 24,012,599,296 "," 1,015,665,664 "," 3,033,870,336 "," 25,191,141,376 "
2025-11-13,"469,788,524,544"," 179,270,631,424 "," 5,208,820,224 "," 26,165,895,168 "," 1,077,942,656 "," 3,014,338,560 "," 25,820,856,320 "
2025-11-12,"458,029,957,120"," 177,771,888,640 "," 5,133,023,232 "," 26,876,942,336 "," 852,446,848 "," 2,986,944,512 "," 26,677,704,704 "
2025-11-11,"451,389,489,152"," 174,659,174,400 "," 5,071,336,448 "," 26,178,934,784 "," 774,571,008 "," 2,984,828,928 "," 27,123,814,400 "
2025-11-10,"442,423,148,544"," 174,459,404,288 "," 5,019,531,776 "," 26,010,443,776 "," 580,552,512 "," 2,925,680,640 "," 26,692,186,112 "
2025-11-07,"443,683,241,984"," 172,115,345,408 "," 5,000,040,960 "," 25,250,084,864 "," 474,418,112 "," 2,924,058,624 "," 26,645,768,192 "
2025-11-06,"438,152,593,408"," 168,077,574,144 "," 4,982,510,080 "," 25,170,239,488 "," 438,972,672 "," 2,904,905,728 "," 27,485,138,944 "
2025-11-05,"435,116,900,352"," 165,549,817,856 "," 4,943,373,312 "," 25,027,010,560 "," 618,539,712 "," 2,797,352,960 "," 26,887,190,528 "
2025-11-04,"421,620,744,192"," 163,930,701,824 "," 4,879,619,072 "," 24,878,915,584 "," 541,325,888 "," 2,716,506,112 "," 27,026,333,696 "
2025-11-03,"415,301,926,912"," 161,655,144,448 "," 4,846,233,600 "," 25,115,344,896 "," 511,598,656 "," 2,696,237,056 "," 27,777,183,744 "
2025-10-31,"414,774,394,880"," 157,330,440,192 "," 4,782,960,128 "," 25,584,584,704 "," 631,519,808 "," 2,664,402,944 "," 27,884,521,472 "
2025-10-30,"404,708,360,192"," 157,935,353,856 "," 4,832,494,080 "," 25,394,384,896 "," 841,146,752 "," 2,644,545,536 "," 28,043,128,832 "
2025-10-29,"397,431,111,680"," 157,221,650,432 "," 4,784,513,024 "," 25,623,267,328 "," 846,558,528 "," 2,586,370,048 "," 28,534,716,416 "
2025-10-28,"389,646,286,848"," 154,810,089,472 "," 4,656,957,952 "," 25,117,009,920 "," 712,447,168 "," 2,509,936,640 "," 29,051,262,976 "
2025-10-27,"387,984,457,728"," 153,200,164,864 "," 4,639,324,672 "," 25,759,381,504 "," 815,843,072 "," 2,503,747,584 "," 28,540,125,184 "
2025-10-24,"386,061,467,648"," 153,200,164,864 "," 4,639,324,672 "," 25,902,151,680 "," 815,843,072 "," 2,503,747,584 "," 28,540,125,184 "
2025-10-23,"384,627,736,576"," 147,623,804,928 "," 4,596,120,064 "," 27,075,876,864 "," 807,540,672 "," 2,463,461,376 "," 28,768,647,168 "
2025-10-22,"383,830,949,888"," 145,330,831,360 "," 4,527,147,008 "," 28,565,401,600 "," 785,496,512 "," 2,430,617,600 "," 28,530,837,504 "
2025-10-21,"374,377,611,264"," 144,530,751,488 "," 4,454,102,528 "," 28,799,733,760 "," 773,817,216 "," 2,340,950,016 "," 28,575,897,600 "
2025-10-20,"371,873,316,864"," 142,999,879,680 "," 4,397,043,712 "," 28,969,500,672 "," 830,923,840 "," 2,317,729,792 "," 27,840,491,520 "
2025-10-17,"366,342,504,448"," 140,277,317,632 "," 4,389,942,272 "," 28,406,650,880 "," 757,140,224 "," 2,284,959,744 "," 28,002,420,736 "
2025-10-16,"357,302,337,536"," 136,867,921,920 "," 4,297,184,256 "," 26,691,457,024 "," 897,090,496 "," 2,268,780,544 "," 28,488,009,728 "
2025-10-15,"358,673,154,048"," 135,243,661,312 "," 4,279,887,616 "," 24,698,302,464 "," 847,701,120 "," 2,259,054,592 "," 28,985,753,600 "
2025-10-14,"345,613,991,936"," 133,916,155,904 "," 4,387,366,912 "," 22,983,852,032 "," 815,446,272 "," 2,256,230,400 "," 28,892,000,256 "
2025-10-13,"343,040,589,824"," 130,108,923,904 "," 4,346,544,128 "," 22,139,146,240 "," 723,284,096 "," 2,235,736,064 "," 28,053,919,744 "
2025-10-10,"334,704,836,608"," 128,838,189,056 "," 4,310,025,728 "," 21,323,466,752 "," 720,280,704 "," 2,213,785,600 "," 28,496,605,184 "
2025-10-09,"332,913,704,960"," 127,503,540,224 "," 4,292,313,344 "," 20,807,903,232 "," 683,865,664 "," 2,215,471,104 "," 28,537,378,816 "
2025-10-08,"331,750,440,960"," 125,693,771,776 "," 4,198,397,184 "," 20,290,230,272 "," 622,059,904 "," 2,080,075,776 "," 28,304,357,376 "
2025-10-07,"331,217,534,976"," 122,741,284,864 "," 4,171,006,976 "," 20,284,446,720 "," 661,254,144 "," 2,002,313,216 "," 27,820,957,696 "
2025-10-06,"322,563,145,728"," 121,205,489,664 "," 4,092,905,472 "," 19,771,705,344 "," 823,672,832 "," 2,004,695,040 "," 26,721,484,800 "
2025-10-03,"322,234,286,080"," 118,959,808,512 "," 4,063,770,624 "," 19,030,706,176 "," 929,987,968 "," 1,890,945,024 "," 25,231,732,736 "
2025-10-02,"312,608,620,544"," 115,935,666,176 "," 4,039,151,872 "," 19,015,159,808 "," 944,697,280 "," 1,740,251,136 "," 24,011,149,312 "
2025-10-01,"308,824,571,904"," 113,412,235,264 "," 3,969,931,008 "," 19,039,225,856 "," 920,440,192 "," 1,516,759,040 "," 23,137,632,256 "
2025-09-30,"319,030,886,400"," 109,557,456,896 "," 3,927,756,544 "," 19,621,560,320 "," 776,480,832 "," 1,291,343,872 "," 22,399,952,896 "
2025-09-29,"310,540,304,384"," 107,769,053,184 "," 3,963,933,440 "," 18,076,321,792 "," 749,231,040 "," 1,282,191,360 "," 21,499,518,976 "
2025-09-26,"299,910,955,008"," 105,359,466,496 "," 3,933,714,944 "," 17,885,452,288 "," 612,453,504 "," 1,335,343,104 "," 20,320,583,680 "
2025-09-25,"304,794,599,424"," 102,011,363,328 "," 3,858,434,560 "," 16,664,179,712 "," 584,436,352 "," 1,326,022,656 "," 20,839,294,976 "
2025-09-24,"299,058,855,936"," 100,055,752,704 "," 3,828,626,944 "," 15,831,046,144 "," 562,367,808 "," 1,352,841,216 "," 21,253,554,176 "
2025-09-23,"290,645,114,880"," 105,688,039,424 "," 3,787,149,056 "," 15,164,392,448 "," 581,271,808 "," 1,299,718,144 "," 20,940,683,264 "
2025-09-22,"280,303,501,312"," 97,653,776,384 "," 3,754,065,920 "," 15,389,248,512 "," 552,314,240 "," 1,238,222,848 "," 20,977,463,296 "
2025-09-19,"285,744,791,552"," 94,777,958,400 "," 3,720,973,312 "," 15,239,061,504 "," 579,699,072 "," 1,237,161,984 "," 21,070,176,256 "
2025-09-18,"315,676,590,080"," 93,074,120,704 "," 3,687,120,640 "," 13,869,820,928 "," 566,055,168 "," 1,228,285,952 "," 20,704,880,640 "
2025-09-17,"321,771,470,848"," 91,808,161,792 "," 3,613,142,528 "," 11,505,157,120 "," 605,685,248 "," 1,180,997,632 "," 20,204,894,208 "
2025-09-16,"282,271,744,000"," 91,251,810,304 "," 3,513,372,416 "," 10,766,014,464 "," 393,088,672 "," 1,138,368,512 "," 20,244,398,080 "
2025-09-15,"268,593,872,896"," 89,953,411,072 "," 3,476,992,000 "," 10,991,503,360 "," 334,983,168 "," 1,126,860,800 "," 19,925,741,568 "
2025-09-12,"260,441,325,568"," 89,706,266,624 "," 3,443,809,792 "," 11,055,211,520 "," 518,703,936 "," 1,099,302,912 "," 19,201,093,632 "
2025-09-11,"256,962,609,152"," 87,467,196,416 "," 1,176,559,744 "," 10,314,514,432 "," 291,539,232 "," 1,089,073,152 "," 18,047,809,536 "
2025-09-10,"257,454,522,368"," 84,815,003,648 "," 1,124,849,408 "," 10,522,336,256 "," 231,509,616 "," 1,026,598,912 "," 17,263,970,304 "
2025-09-09,"253,399,891,968"," 84,078,641,152 "," 1,104,964,480 "," 10,881,387,520 "," 190,714,112 "," 1,010,579,456 "," 16,309,213,184 "
2025-09-08,"246,941,941,760"," 82,257,068,032 "," 1,080,070,528 "," 10,468,474,880 "," 121,420,032 "," 1,017,026,560 "," 16,180,168,704 "
2025-09-05,"239,777,841,152"," 81,249,959,936 "," 1,052,334,464 "," 10,295,970,816 "," 159,766,912 "," 995,888,128 "," 15,861,549,056 "
2025-09-04,"240,842,407,936"," 77,612,310,528 "," 1,033,281,664 "," 10,022,259,712 "," 237,095,840 "," 994,198,528 "," 16,463,336,448 "
2025-09-03,"241,877,549,056"," 75,594,276,864 "," 1,002,313,600 "," 9,879,595,008 "," 119,246,160 "," 953,469,952 "," 16,933,086,208 "
2025-09-02,"242,160,386,048"," 73,393,053,696 "," 1,001,099,520 "," 10,130,501,632 "," 174,625,504 "," 917,917,696 "," 16,626,503,680 "
2025-08-29,"236,327,714,816"," 70,858,432,512 "," 967,833,856 "," 9,310,388,224 ","-46,278,620 "," 926,929,920 "," 16,337,447,936 "
2025-08-28,"226,066,169,856"," 70,790,537,216 "," 1,051,928,576 "," 7,538,754,560 "," 19,000,024 "," 933,235,712 "," 16,588,368,896 "
2025-08-27,"227,744,448,512"," 68,584,370,176 "," 1,031,564,736 "," 6,341,978,112 ","-118,440,216 "," 1,380,944,896 "," 16,448,287,744 "
2025-08-26,"225,261,731,840"," 66,226,298,880 "," 906,063,872 "," 5,439,587,840 ","-131,968,752 "," 904,971,264 "," 15,956,294,656 "
2025-08-25,"224,848,396,288"," 65,147,940,864 "," 849,861,120 "," 4,903,550,464 ","-86,672,160 "," 836,261,888 "," 15,051,274,240 "
2025-08-22,"220,252,635,136"," 63,520,788,480 "," 819,536,000 "," 4,674,423,296 ","-121,147,200 "," 813,962,240 "," 14,203,931,648 "
2025-08-21,"212,490,682,368"," 60,269,506,560 "," 809,457,728 "," 4,874,855,936 ","-77,373,464 "," 833,849,344 "," 13,630,355,456 "
2025-08-20,"212,798,701,568"," 58,075,860,992 "," 759,630,848 "," 4,869,946,368 "," 163,280 "," 810,760,192 "," 13,435,257,856 "
2025-08-19,"207,452,422,144"," 56,737,513,472 "," 754,148,416 "," 5,076,064,256 "," 247,434,160 "," 655,314,944 "," 13,908,716,544 "
2025-08-18,"205,366,411,264"," 55,175,442,432 "," 720,193,664 "," 5,554,227,712 "," 287,599,040 "," 622,582,784 "," 14,945,564,672 "
2025-08-15,"201,525,919,744"," 54,110,486,528 "," 701,402,368 "," 5,543,862,272 "," 188,558,048 "," 599,988,224 "," 15,202,591,744 "
2025-08-14,"201,695,330,304"," 51,297,140,736 "," 697,669,440 "," 5,421,274,112 "," 191,101,920 "," 623,113,216 "," 15,303,647,232 "
2025-08-13,"208,085,254,144"," 49,230,667,776 "," 660,326,464 "," 5,303,321,600 "," 246,438,944 "," 591,207,424 "," 14,324,033,536 "
2025-08-12,"197,076,533,248"," 45,724,876,800 "," 684,043,840 "," 5,597,852,672 "," 218,686,336 "," 549,644,288 "," 13,469,714,432 "
2025-08-11,"190,693,736,448"," 44,176,916,480 "," 674,662,848 "," 5,234,616,320 "," 15,552,432 "," 598,805,504 "," 12,779,346,944 "
2025-08-08,"186,901,659,648"," 42,657,091,584 "," 459,570,624 "," 5,311,702,016 ","-109,022,208 "," 489,235,456 "," 11,563,496,448 "
2025-08-07,"183,240,654,848"," 39,749,332,992 "," 447,554,016 "," 4,689,067,520 ","-141,589,552 "," 491,443,200 "," 10,628,994,048 "
2025-08-06,"180,225,409,024"," 35,354,861,568 "," 417,729,152 "," 4,015,724,032 ","-25,481,346 "," 467,228,672 "," 10,071,238,656 "
2025-08-05,"174,453,653,504"," 33,664,450,560 "," 355,368,736 "," 2,964,548,608 ","-20,275,234 "," 382,726,144 "," 9,927,899,136 "
2025-08-04,"169,683,009,536"," 31,460,601,856 "," 361,752,800 "," 3,147,141,376 ","-35,649,148 "," 347,304,960 "," 10,039,300,096 "
2025-08-01,"170,750,656,512"," 27,845,689,344 "," 356,507,520 "," 2,755,927,296 ","-94,748,152 "," 311,348,224 "," 10,838,017,024 "
2025-07-31,"180,029,456,384"," 23,201,202,176 "," 290,992,448 "," 2,569,160,192 ","-77,294,560 "," 298,098,688 "," 11,870,962,688 "
2025-07-30,"172,004,802,560"," 22,974,517,248 "," 297,043,744 "," 2,815,262,208 ","-119,675,984 "," 152,673,280 "," 11,968,412,672 "
2025-07-29,"172,171,739,136"," 21,964,546,048 "," 268,517,120 "," 2,956,469,248 ","-81,347,760 "," 84,207,616 "," 11,961,703,424 "
2025-07-28,"167,098,187,776"," 19,492,581,376 "," 244,247,600 "," 3,098,092,800 "," 53,252,068 ","-13,748,224 "," 11,576,988,672 "
2025-07-25,"160,040,206,336"," 18,529,400,832 "," 214,747,040 "," 3,159,547,392 "," 27,184,552 ","-49,545,216 "," 11,348,797,440 "
2025-07-24,"160,977,846,272"," 17,159,307,264 "," 185,060,384 "," 3,149,967,872 "," 8,831,472 ","-33,178,624 "," 10,667,380,736 "
2025-07-23,"149,807,562,752"," 15,937,241,088 "," 182,087,520 "," 3,273,484,032 ","-52,900,064 ","-65,345,536 "," 10,231,872,512 "
2025-07-22,"146,999,590,912"," 14,613,622,784 "," 155,968,736 "," 2,740,313,344 ","-32,792,818 ","-62,895,104 "," 9,864,574,976 "
2025-07-21,"141,993,426,944"," 12,802,046,976 "," 104,169,088 "," 2,680,347,136 ","-53,549,120 "," 46,051,328 "," 9,510,085,632 "
2025-07-18,"141,745,504,256"," 10,066,465,792 "," 123,738,816 "," 854,398,208 ","-112,946,288 "," 60,059,648 "," 9,206,158,336 "
2025-07-17,"141,871,284,224"," 7,948,614,656 "," 116,046,448 "," 374,132,192 ","-49,949,688 "," 23,293,952 "," 8,373,790,720 "
2025-07-16,"143,337,652,224"," 6,720,738,304 "," 95,070,800 "," 861,699,904 ","-125,480,848 "," 88,577,536 "," 7,243,008,000 "
2025-07-15,"136,488,583,168"," 9,584,685,056 "," 123,567,328 "," 1,091,458,048 ","-129,045,072 "," 79,608,832 "," 5,724,736,512 "
2025-07-14,"133,353,209,856"," 10,080,166,912 "," 100,237,224 "," 782,110,336 ","-635,645 "," 118,236,672 "," 5,067,724,288 "
2025-07-11,"130,706,210,816"," 9,608,639,488 "," 76,793,048 "," 694,639,744 ","-8,910,756 "," 107,182,080 "," 4,531,710,464 "
2025-07-10,"128,781,262,848"," 8,327,602,176 "," 68,800,208 "," 493,890,368 "," 48,720,128 "," 128,132,608 "," 3,299,633,152 "
2025-07-09,"131,587,678,208"," 6,299,625,984 "," 17,997,928 "," 692,168,576 "," 146,207,808 "," 103,092,096 "," 1,685,476,992 "
2025-07-08,"126,553,874,432"," 4,354,867,200 "," 16,749,030 "," 323,378,496 "," 100,734,272 "," 94,097,280 "," 1,255,887,744 "
2025-07-07,"2,161,303,040"," 2,937,350,656 "," 36,790,672 "," 55,764,128 "," 60,727,780 "," 47,290,624 "," 1,073,810,176 "
2025-07-03,"3,286,703,360"," 1,670,681,600 "," 9,522,621 "," 299,315,456 "," 34,967,564 ","-16,086,720 "," 761,337,216 "
